triplet,outgroup,C1,C2,mixprop1,mixprop2,lambda2Dist,lambda1Dist,BIC2Dist,BIC1Dist,count
NHKG_16_01_R_196_GO8_GB179_ANN1283,NHKG_16_01_R_196,0.0,4.872196383056418,0.9668798162776667,0.03312018372233322,0.0011161701155790681,0.0013628204900390625,-5709.092291906155,-5726.31728450415,512
NHKG_16_01_R_196_GO8_GB179_ANN1283,GO8_GB179,0.0,4.858224922373664,0.9661448766351595,0.033855123364840464,0.0012517242608497481,0.0015319812314225055,-5140.88641719935,-5157.129380065886,471
NHKG_16_01_R_196_GO8_GB179_ANN1283,ANN1283,0.0,2.3992274731852117,0.6952280887781421,0.3047719112218579,0.0018682305242400756,0.00302674072394865,-21531.87511812308,-21679.892244632232,2259
NHKG_16_01_R_196_GO8_GB179_PET0662,NHKG_16_01_R_196,0.0,5.110540372941559,0.967376003286348,0.03262399671365218,0.0013812684148578438,0.0016802469596368715,-7695.244648097212,-7710.208678944953,716
NHKG_16_01_R_196_GO8_GB179_PET0662,GO8_GB179,0.0,4.107608314438968,0.9470600217839715,0.05293997821602855,0.0012276045606088237,0.0015844688755480608,-6424.303844303288,-6454.356947812763,593
NHKG_16_01_R_196_GO8_GB179_PET0662,PET0662,0.0,2.441611295245941,0.744980809541485,0.25501919045851495,0.0015850106884479258,0.0024480675860320744,-19230.146006100415,-19370.589250671193,1933
NHKG_16_01_R_196_GO8_GB179_DEB_1135,NHKG_16_01_R_196,0.0,3.660301654259647,0.9132055073172419,0.08679449268275821,0.0011035410142492775,0.0015238018081705153,-6131.7750193683505,-6171.5185042192625,563
NHKG_16_01_R_196_GO8_GB179_DEB_1135,GO8_GB179,0.0,5.206349557615975,0.9622978584120434,0.03770214158795653,0.0012680535424945748,0.0015719612677083336,-5219.862773438956,-5231.0401890715075,480
NHKG_16_01_R_196_GO8_GB179_DEB_1135,DEB_1135,0.0,2.5750884030755024,0.7312776021427162,0.2687223978572839,0.0017595201759242874,0.002815096693497044,-21269.16945307424,-21422.696866526047,2199
NHKG_16_01_R_196_GO8_GB179_PET0424,NHKG_16_01_R_196,0.0,3.3958762446646946,0.9092702279612169,0.09072977203878298,0.0012585761942046293,0.001742130312356322,-7390.454065699818,-7444.338713607233,696
NHKG_16_01_R_196_GO8_GB179_PET0424,GO8_GB179,0.0,3.7055762375113486,0.9396279952665008,0.06037200473349917,0.00129711140506127,0.0017056176206463197,-5943.036349901415,-5980.121818952884,557
NHKG_16_01_R_196_GO8_GB179_PET0424,PET0424,0.0,2.2377233244911783,0.6570685520025685,0.34293144799743147,0.001527981570633836,0.0024752769168929108,-19785.02447672814,-19887.985761069485,1989
NHKG_16_01_R_196_GO8_GB179_PET0495,NHKG_16_01_R_196,0.0,3.4603240669894038,0.9130630691245608,0.08693693087543923,0.0012164149711163133,0.0016735266640465795,-7352.264882040117,-7403.205237067642,687
NHKG_16_01_R_196_GO8_GB179_PET0495,GO8_GB179,0.0,3.831789427363343,0.9395075107827764,0.06049248921722365,0.0012406866530949394,0.0016274423893728222,-6181.612189667873,-6216.663299592544,574
NHKG_16_01_R_196_GO8_GB179_PET0495,PET0495,0.0,2.1785057584182503,0.6501064831925093,0.34989351680749076,0.0015696309210046628,0.0025293977594649164,-19625.538726368064,-19722.273406532728,1981
NHKG_16_01_R_196_GO8_GB179_PAR_posas_01,NHKG_16_01_R_196,0.0,3.6671071088139158,0.9047676878266774,0.09523231217332265,0.0010248304422216714,0.0014456894640794225,-6089.304317673039,-6131.082013565369,554
NHKG_16_01_R_196_GO8_GB179_PAR_posas_01,GO8_GB179,0.0,4.554522789534545,0.97423272509977,0.025767274900230078,0.0013008614236411566,0.001553191755882353,-5178.711535005144,-5198.840573232587,476
NHKG_16_01_R_196_GO8_GB179_PAR_posas_01,PAR_posas_01,0.0,2.352628344997802,0.67372048565454,0.32627951434545993,0.001866235272279737,0.0030544410007233274,-21057.32422153009,-21188.384354981892,2212
NHKG_16_01_R_196_GO8_GB179_ARG0295,NHKG_16_01_R_196,0.0,4.322323513406991,0.9501031089225703,0.0498968910774297,0.0010455695845028856,0.0013375807873015873,-5632.207027249069,-5655.605244463715,504
NHKG_16_01_R_196_GO8_GB179_ARG0295,GO8_GB179,0.0,5.111611513678066,0.978302602397772,0.021697397602228035,0.0011896753076260866,0.0013862106967741936,-5169.968918330587,-5184.3566384552505,465
NHKG_16_01_R_196_GO8_GB179_ARG0295,ARG0295,0.0,2.328127423754792,0.6529275202014888,0.34707247979851114,0.0018245401676293264,0.0030256637820501543,-21694.128898205112,-21815.911391730093,2273
NHKG_16_01_R_196_ANN1283_PET0662,NHKG_16_01_R_196,0.0,3.8021335243228607,0.9538205257017763,0.046179474298223756,0.0011834186966911792,0.001506205785139665,-9787.725768751961,-9834.912288884036,895
NHKG_16_01_R_196_ANN1283_PET0662,ANN1283,0.0,3.071536059645562,0.8786644351571169,0.12133556484288312,0.0014863703083228092,0.002119301214795918,-16042.396487879243,-16163.95598968641,1568
NHKG_16_01_R_196_ANN1283_PET0662,PET0662,0.0,5.360416895869077,0.9698489998647871,0.030151000135212925,0.0010659245560551926,0.0012833694094993582,-8798.4705472412,-8808.920897515287,779
NHKG_16_01_R_196_ANN1283_DEB_1135,NHKG_16_01_R_196,0.0,4.989557556924214,0.9684744355229098,0.03152556447709031,0.001331184964643326,0.0016108009855750486,-11118.349658757377,-11137.527244530733,1026
NHKG_16_01_R_196_ANN1283_DEB_1135,ANN1283,0.0,4.064289665469025,0.934756380181886,0.06524361981811393,0.0013935227225853753,0.0018479506916112955,-12687.968000457364,-12740.083190832434,1204
NHKG_16_01_R_196_ANN1283_DEB_1135,DEB_1135,0.0,4.516935392801854,0.9404516002772448,0.05954839972275514,0.0011570499786932118,0.0015266252152173912,-11063.533919991965,-11094.104456460247,1012
NHKG_16_01_R_196_ANN1283_PET0424,NHKG_16_01_R_196,0.0,3.4067429805053084,0.9442540322380806,0.05574596776191952,0.0013083875201348068,0.0016907555797222222,-11554.232132156092,-11619.38756823574,1080
NHKG_16_01_R_196_ANN1283_PET0424,ANN1283,0.0,3.369672919511696,0.8824536012206714,0.1175463987793285,0.0014255923689757172,0.002057468046680498,-14887.8095722256,-14991.442761884806,1446
NHKG_16_01_R_196_ANN1283_PET0424,PET0424,0.0,6.22652365079323,0.9630508450936247,0.03694915490637514,0.0009336381464253188,0.0011627813311452515,-8250.185475366889,-8237.365036349984,716
NHKG_16_01_R_196_ANN1283_PET0495,NHKG_16_01_R_196,0.0,6.9561196226257165,0.9817232773355292,0.018276722664470786,0.0015363335566052302,0.0017530660167707404,-11997.959283775985,-11979.58219395578,1121
NHKG_16_01_R_196_ANN1283_PET0495,ANN1283,0.0,3.4803294023837856,0.9153518768384551,0.08464812316154485,0.001502088278316226,0.002048746915248227,-14542.085226686566,-14630.034607719077,1410
NHKG_16_01_R_196_ANN1283_PET0495,PET0495,0.0,5.393822236882818,0.9597051071970583,0.04029489280294176,0.0009541897700682074,0.0011947595571026723,-8135.40817614775,-8141.223604443237,711
NHKG_16_01_R_196_ANN1283_PAR_posas_01,NHKG_16_01_R_196,0.0,3.157675881170667,0.8798075264240733,0.12019247357592679,0.0013077846350933965,0.0018713928008701958,-14452.089218133096,-14557.968322761211,1379
NHKG_16_01_R_196_ANN1283_PAR_posas_01,ANN1283,0.0,4.100571868401508,0.9467237164771696,0.05327628352283045,0.001285308529918427,0.0016610621297734629,-9963.391462623518,-10005.320620027678,927
NHKG_16_01_R_196_ANN1283_PAR_posas_01,PAR_posas_01,0.0,4.595846663022583,0.9379461729276033,0.062053827072396706,0.001154381855836501,0.0015395990135683762,-10221.258038684853,-10244.667079556706,936
NHKG_16_01_R_196_ANN1283_ARG0295,NHKG_16_01_R_196,0.0,2.761210181956465,0.7936303280925935,0.20636967190740652,0.0017008991313628469,0.0026279548671332047,-20300.337092288926,-20470.144246547738,2072
NHKG_16_01_R_196_ANN1283_ARG0295,ANN1283,0.0,3.878715438871522,0.9387682337894467,0.0612317662105533,0.0010124840457856755,0.001329235418683274,-6280.831790866426,-6314.0906438995025,562
NHKG_16_01_R_196_ANN1283_ARG0295,ARG0295,0.0,5.763526637460284,0.9594351665985128,0.04056483340148722,0.0011308701095675145,0.001420940744243421,-6752.100644046927,-6750.216160142212,608
NHKG_16_01_R_196_PET0662_DEB_1135,NHKG_16_01_R_196,0.0,4.179380851017691,0.9540592999825903,0.04594070001740972,0.001275138875822313,0.0016153642638941398,-11436.886640637345,-11479.096055561842,1058
NHKG_16_01_R_196_PET0662_DEB_1135,PET0662,0.0,4.251283349500114,0.9449062183688842,0.05509378163111578,0.001037626203042593,0.0013480212798955612,-8553.182250339307,-8586.526797717206,766
NHKG_16_01_R_196_PET0662_DEB_1135,DEB_1135,0.0,3.2903676544949567,0.878111423718792,0.12188857628120796,0.0013031479914235133,0.001887105726586742,-14840.871172684636,-14946.151351426459,1418
NHKG_16_01_R_196_PET0662_PET0424,NHKG_16_01_R_196,0.0,5.02877057417534,0.9687199064763135,0.03128009352368665,0.0016505283304480685,0.0019957026256331545,-13567.421614029652,-13587.701783106482,1303
NHKG_16_01_R_196_PET0662_PET0424,PET0662,0.0,5.147479481110343,0.9733386841513381,0.026661315848661844,0.0012910027178129797,0.001533040767147614,-9852.952624969568,-9869.061254425753,901
NHKG_16_01_R_196_PET0662_PET0424,PET0424,0.0,3.082968334732779,0.9138734547800437,0.08612654521995625,0.0011350946944783723,0.0015048573252408478,-11334.518233912077,-11409.097666614649,1038
NHKG_16_01_R_196_PET0662_PET0495,NHKG_16_01_R_196,0.0,3.5382055609126057,0.9446435043735956,0.055356495626404455,0.0014546695807782463,0.0018829622360429445,-13675.858258195287,-13749.789701197986,1304
NHKG_16_01_R_196_PET0662_PET0495,PET0662,0.0,4.13408851910687,0.9575028494216502,0.04249715057834982,0.0011863618491312752,0.001491353664955357,-9825.226384748117,-9863.665419698991,896
NHKG_16_01_R_196_PET0662_PET0495,PET0495,0.0,3.32351425742122,0.9446744577270241,0.05532554227297589,0.0012139051881577888,0.0015550031796545106,-11324.375467500457,-11384.773805734922,1042
NHKG_16_01_R_196_PET0662_PAR_posas_01,NHKG_16_01_R_196,0.0,3.5225000918377987,0.9136221377112852,0.08637786228871476,0.0011330077774157727,0.0015667781768292682,-9777.407153300608,-9840.751313600751,902
NHKG_16_01_R_196_PET0662_PAR_posas_01,PET0662,0.0,4.65862898754993,0.9721768878110635,0.027823112188936346,0.0012057860832043335,0.001444540464184852,-8600.86004758525,-8624.605941246036,779
NHKG_16_01_R_196_PET0662_PAR_posas_01,PAR_posas_01,0.0,3.7329587695704545,0.9284249887360695,0.07157501126393051,0.001605945945309711,0.002145981190775144,-15972.065290205614,-16052.709441615996,1561
NHKG_16_01_R_196_PET0662_ARG0295,NHKG_16_01_R_196,0.0,4.096823674614303,0.9551440064519794,0.044855993548020584,0.0011244430724575167,0.0014220450554809842,-9887.672149031872,-9926.723057393678,894
NHKG_16_01_R_196_PET0662_ARG0295,PET0662,0.0,4.242363542720484,0.9490880666916158,0.05091193330838418,0.000978482149914492,0.0012595702397058823,-8453.725611868354,-8486.151701936029,748
NHKG_16_01_R_196_PET0662_ARG0295,ARG0295,0.0,4.079344542021862,0.9479773221261175,0.052022677873882525,0.0016424277554842766,0.0021139873383125003,-16438.17985680655,-16501.996260283446,1600
NHKG_16_01_R_196_DEB_1135_PET0424,NHKG_16_01_R_196,0.0,3.438402267642102,0.9189464914264194,0.08105350857358073,0.0015561675404749205,0.0021053957777227724,-14507.092318927456,-14594.421945359458,1414
NHKG_16_01_R_196_DEB_1135_PET0424,DEB_1135,0.0,4.004660433074828,0.9084424300401863,0.09155756995981372,0.0013205012231061212,0.0018658484531404959,-12720.566359868179,-12780.276959482106,1210
NHKG_16_01_R_196_DEB_1135_PET0424,PET0424,0.0,4.757576093023374,0.9324766484528919,0.06752335154710802,0.000950250697330841,0.001286597379935275,-6969.463047699171,-6984.085746515112,618
NHKG_16_01_R_196_DEB_1135_PET0495,NHKG_16_01_R_196,0.0,4.0912593523948955,0.9390740298157523,0.060925970184247606,0.0016768592281943939,0.002206794007862903,-15157.183856054104,-15218.549139606368,1488
NHKG_16_01_R_196_DEB_1135_PET0495,DEB_1135,0.0,4.275367520855736,0.9292263126997788,0.0707736873002212,0.0013243008869718755,0.0017891868809726962,-12434.785353284125,-12477.063513038496,1172
NHKG_16_01_R_196_DEB_1135_PET0495,PET0495,0.0,4.853607864363202,0.9320159350940397,0.06798406490596035,0.000929832019009248,0.0012674498865979382,-6581.7082965518575,-6594.384621152609,582
NHKG_16_01_R_196_DEB_1135_PAR_posas_01,NHKG_16_01_R_196,0.0,4.2625850531192615,0.9475709096483811,0.052429090351618884,0.0012014293993388887,0.001550643967996109,-11197.035489705,-11237.503330153344,1028
NHKG_16_01_R_196_DEB_1135_PAR_posas_01,DEB_1135,0.0,4.042571872293742,0.9317207443421532,0.06827925565784673,0.0012459310951328012,0.001671574877711443,-10785.770539963602,-10835.005260525579,1005
NHKG_16_01_R_196_DEB_1135_PAR_posas_01,PAR_posas_01,0.0,3.8022539443917402,0.9043613755658838,0.09563862443411639,0.0013239565462020476,0.0018702901153019025,-12695.3928479918,-12763.960485941285,1209
NHKG_16_01_R_196_DEB_1135_ARG0295,NHKG_16_01_R_196,0.0,4.7639610354032795,0.9622279671256259,0.03777203287437421,0.0013682815521702098,0.0016945378025233645,-11481.979139433566,-11506.963438645207,1070
NHKG_16_01_R_196_DEB_1135_ARG0295,DEB_1135,0.0,4.400763888821212,0.9465539272141433,0.053446072785856585,0.0011695083240147663,0.0015163036873958335,-10503.309687944326,-10536.774072134596,960
NHKG_16_01_R_196_DEB_1135_ARG0295,ARG0295,0.0,3.0306382220644945,0.8846523502386344,0.11534764976136538,0.0013146494923059187,0.001858532278877888,-12713.37636368454,-12810.934889962386,1212
NHKG_16_01_R_196_PET0424_PET0495,NHKG_16_01_R_196,0.0,2.453922228464409,0.770707131921096,0.22929286807890395,0.0020687004425469007,0.003151592921493213,-20860.053931332528,-21030.824161734985,2210
NHKG_16_01_R_196_PET0424_PET0495,PET0424,0.0,3.2713410690570375,0.8698511449005003,0.13014885509949978,0.0008059288360170774,0.0011764442100580272,-5888.920848997648,-5934.349526532234,517
NHKG_16_01_R_196_PET0424_PET0495,PET0495,0.0,4.25082249922996,0.913953102438497,0.086046897561503,0.0009805074196240914,0.0013815726477669902,-5722.942331975367,-5745.824646797176,515
NHKG_16_01_R_196_PET0424_PAR_posas_01,NHKG_16_01_R_196,0.0,3.1165099931487457,0.8691191346334767,0.13088086536652335,0.0011775644256132,0.0017096478647874306,-11528.024292246004,-11616.869875435814,1082
NHKG_16_01_R_196_PET0424_PAR_posas_01,PET0424,0.0,4.113279042759337,0.9061814853613432,0.0938185146386569,0.0009090071354584646,0.0012933310330612245,-8263.43850287704,-8299.685392589792,735
NHKG_16_01_R_196_PET0424_PAR_posas_01,PAR_posas_01,0.0,3.477444207009337,0.8821653327309122,0.11783466726908771,0.0014444775245783012,0.0021013373712982456,-14613.656302371564,-14713.504759314357,1425
NHKG_16_01_R_196_PET0424_ARG0295,NHKG_16_01_R_196,0.0,3.7680584468949014,0.9472086461235446,0.052791353876455456,0.001275739765650742,0.0016219048316455697,-11933.868477676348,-11991.220139437319,1106
NHKG_16_01_R_196_PET0424_ARG0295,PET0424,0.0,5.025931474054176,0.9438673924541118,0.056132607545888114,0.0008971610582590675,0.001182352192228739,-7812.890089142824,-7823.175208427996,682
NHKG_16_01_R_196_PET0424_ARG0295,ARG0295,0.0,3.8895856374691817,0.9359494752444302,0.06405052475556984,0.0015971370420942996,0.0021085372934663,-14934.774304568098,-15003.118326145584,1454
NHKG_16_01_R_196_PET0495_PAR_posas_01,NHKG_16_01_R_196,0.0,3.7498417563285344,0.947425318239377,0.05257468176062304,0.0013189927259337569,0.0016943892396768401,-11923.371484199703,-11980.588863770694,1114
NHKG_16_01_R_196_PET0495_PAR_posas_01,PET0495,0.0,4.237261166461019,0.9221146422424481,0.07788535775755194,0.001000893226400331,0.0013792512016713092,-7983.855998277908,-8015.227602062414,718
NHKG_16_01_R_196_PET0495_PAR_posas_01,PAR_posas_01,0.0,3.375063484554404,0.8848126379673692,0.11518736203263066,0.0014441325392264435,0.002078596844397163,-14486.458090432245,-14589.24407861474,1410
NHKG_16_01_R_196_PET0495_ARG0295,NHKG_16_01_R_196,0.0,6.495529482393191,0.9761457200436543,0.02385427995634585,0.0014745218270445274,0.001718687572868217,-12465.039350921023,-12453.246170457653,1161
NHKG_16_01_R_196_PET0495_ARG0295,PET0495,0.0,4.5742061095552735,0.9413457117176207,0.05865428828237926,0.0009121189338811065,0.001202072517754173,-7516.0569022902655,-7537.356570425764,659
NHKG_16_01_R_196_PET0495_ARG0295,ARG0295,0.0,4.135150887237283,0.9442794246976209,0.05572057530237911,0.0015970149288584,0.00207336607721519,-14664.549206608526,-14720.627013421892,1422
NHKG_16_01_R_196_PAR_posas_01_ARG0295,NHKG_16_01_R_196,0.0,4.1255308358431195,0.9667755965549604,0.033224403445039546,0.001490804515764351,0.0018239048962637363,-14431.486556480162,-14480.27828417743,1365
NHKG_16_01_R_196_PAR_posas_01_ARG0295,PAR_posas_01,0.0,4.798823107258914,0.9515799403216489,0.048420059678351016,0.0012053553279032997,0.001545348703804348,-10041.760319878138,-10062.586106681452,920
NHKG_16_01_R_196_PAR_posas_01_ARG0295,ARG0295,0.0,5.513701650597604,0.9676598172453137,0.032340182754686184,0.0014052164028788602,0.001710932489341693,-10266.409306471733,-10272.688040209863,957
GO8_GB179_ANN1283_PET0662,GO8_GB179,0.0,5.597276069077253,0.9812701504090429,0.01872984959095734,0.0013311094732599595,0.00152642476915777,-9229.335669327193,-9240.681406006936,843
GO8_GB179_ANN1283_PET0662,ANN1283,0.0,3.4727969289346294,0.9458484376194319,0.054151562380568015,0.0016940639261060408,0.002156118035107034,-16713.355322642587,-16798.588630063612,1635
GO8_GB179_ANN1283_PET0662,PET0662,0.0,5.3097558384161045,0.967211790115562,0.032788209884437904,0.0009847765432392805,0.0011972089052356021,-8736.175208116778,-8745.382293273635,764
GO8_GB179_ANN1283_DEB_1135,GO8_GB179,0.0,4.611671730363515,0.9574459784187436,0.04255402158125639,0.0013117455781101665,0.0016511003477045908,-10798.81074267507,-10827.3421719358,1002
GO8_GB179_ANN1283_DEB_1135,ANN1283,0.0,3.455816836023897,0.8675481338697707,0.13245186613022922,0.001254079774953105,0.001866997098878205,-13088.87356164915,-13180.29692737443,1248
GO8_GB179_ANN1283_DEB_1135,DEB_1135,0.0,3.651225382757914,0.893850599048403,0.1061494009515969,0.0010726177076041832,0.0015351475664314516,-10799.226194149078,-10863.691752764556,992
GO8_GB179_ANN1283_PET0424,GO8_GB179,0.0,4.248118886642234,0.9625303559265609,0.03746964407343908,0.0014275632254711738,0.0017683923352884614,-11057.244555034928,-11095.4366390008,1040
GO8_GB179_ANN1283_PET0424,ANN1283,0.0,3.244455159345912,0.8630579686842759,0.13694203131572408,0.001463551433688882,0.002159936532093023,-15343.0225152132,-15457.089539257015,1505
GO8_GB179_ANN1283_PET0424,PET0424,0.0,5.94179685274389,0.95680117771954,0.04319882228046004,0.0009275695781243097,0.0011791454327116212,-8011.891189410486,-7999.146860126993,697
GO8_GB179_ANN1283_PET0495,GO8_GB179,0.0,4.2134041383680865,0.9557283840024449,0.04427161599755505,0.0014247418008957134,0.0017981875330868762,-11466.46260795574,-11507.605600186651,1082
GO8_GB179_ANN1283_PET0495,ANN1283,0.0,3.2145081148400743,0.8861147985307837,0.11388520146921628,0.0014900185748133639,0.002108507138209159,-14989.691568220702,-15096.065696265377,1463
GO8_GB179_ANN1283_PET0495,PET0495,0.0,5.693111042173667,0.9573016113809473,0.04269838861905277,0.0009139545955550811,0.0011565665451936872,-8030.037376334261,-8026.098770267551,697
GO8_GB179_ANN1283_PAR_posas_01,GO8_GB179,0.0,3.07375560387785,0.8869618010107544,0.11303819898924554,0.0013412354563254445,0.0018890052654492331,-14322.58657660304,-14426.706188697815,1369
GO8_GB179_ANN1283_PAR_posas_01,ANN1283,0.0,4.029615507044531,0.9430814157544153,0.056918584245584755,0.0012927630417574804,0.0016860386333683107,-10211.972936450182,-10257.662286482004,953
GO8_GB179_ANN1283_PAR_posas_01,PAR_posas_01,0.0,5.9876847883568765,0.9638686754574325,0.03613132454256759,0.0012495013121846526,0.001546372982173913,-10073.157194348529,-10061.366933379073,920
GO8_GB179_ANN1283_ARG0295,GO8_GB179,0.0,2.9920432872269487,0.831264647692273,0.168735352307727,0.0017244580056801288,0.0026049011592521576,-20480.013459443297,-20645.261199291814,2086
GO8_GB179_ANN1283_ARG0295,ANN1283,0.0,5.344346917168689,0.9604799628001679,0.03952003719983207,0.001100772478130336,0.0013714773863799283,-6227.2146462402325,-6234.198918370932,558
GO8_GB179_ANN1283_ARG0295,ARG0295,0.0,6.6262363886222895,0.9738229805878262,0.026177019412173645,0.001165350818642544,0.0013860104295986622,-6676.81559800921,-6668.872129768664,598
GO8_GB179_PET0662_DEB_1135,GO8_GB179,0.0,4.537272843215315,0.9566865289298782,0.04331347107012174,0.0012795042089393045,0.0016096142512588118,-10750.295035960955,-10780.576067566924,993
GO8_GB179_PET0662_DEB_1135,PET0662,0.0,3.800656916530041,0.9269848715872756,0.07301512841272444,0.0009653147023198302,0.0012994104818757923,-8855.584393935715,-8902.472001189988,789
GO8_GB179_PET0662_DEB_1135,DEB_1135,0.0,3.668137229782485,0.930209342327342,0.06979065767265805,0.0014507142635761076,0.0019374481236301368,-15230.182252798446,-15312.153838513032,1460
GO8_GB179_PET0662_PET0424,GO8_GB179,0.0,4.210558194987859,0.9431462296359844,0.05685377036401563,0.0015151613407443701,0.0019797711133819947,-12828.51806527158,-12877.175577777542,1233
GO8_GB179_PET0662_PET0424,PET0662,0.0,3.7072791739319335,0.9246973561858369,0.07530264381416313,0.0011642460137206937,0.0015791709313829785,-10181.621018568429,-10240.762077795589,940
GO8_GB179_PET0662_PET0424,PET0424,0.0,4.564808480553169,0.9782708763826227,0.021729123617377468,0.0013344525900595553,0.0015586210898971002,-11644.082085472975,-11674.958671381788,1069
GO8_GB179_PET0662_PET0495,GO8_GB179,0.0,4.258217531965873,0.9589389172753499,0.04106108272465,0.0014996321705180507,0.0018747466300978795,-12894.323614774023,-12937.687361699831,1226
GO8_GB179_PET0662_PET0495,PET0662,0.0,3.483644119944316,0.9191500386910689,0.08084996130893111,0.001105463091925003,0.0015047145449838188,-10125.77108341437,-10188.59598398868,927
GO8_GB179_PET0662_PET0495,PET0495,0.0,3.8745345341380766,0.9670406036747178,0.032959396325282275,0.001299480222885677,0.0015857086370982551,-11809.479387803443,-11855.97159968966,1089
GO8_GB179_PET0662_PAR_posas_01,GO8_GB179,0.0,3.5254367730381633,0.9178162240012007,0.08218377599879928,0.0011029260345092307,0.0015166101593821512,-9529.435427265686,-9591.980152068949,874
GO8_GB179_PET0662_PAR_posas_01,PET0662,0.0,4.907926628517077,0.9737693947152094,0.026230605284790508,0.001170530253370109,0.0013878447887626265,-8813.641037723695,-8832.050581552534,792
GO8_GB179_PET0662_PAR_posas_01,PAR_posas_01,0.0,3.518383070375789,0.94185152707851,0.0581484729214901,0.00172655730728922,0.002237072831535533,-15992.228554320152,-16075.991702671648,1576
GO8_GB179_PET0662_ARG0295,GO8_GB179,0.0,5.793651296793459,0.9734344972507334,0.026565502749266584,0.001224188277248479,0.0014542658134523811,-9285.803717262654,-9289.133488250565,840
GO8_GB179_PET0662_ARG0295,PET0662,0.0,5.862804030007162,0.9561629239813639,0.04383707601863602,0.0009651917360766853,0.0012309563228304406,-8544.945617135572,-8531.927203374862,749
GO8_GB179_PET0662_ARG0295,ARG0295,0.0,4.1290180889717805,0.9638366212213834,0.03616337877861652,0.0017626103454083805,0.002175512114277072,-16895.01381224773,-16953.993518170846,1653
GO8_GB179_DEB_1135_PET0424,GO8_GB179,0.0,3.7510868760375202,0.9312851057505454,0.06871489424945489,0.0015673849191706088,0.0020865946995594713,-14010.477173568608,-14081.91567028259,1362
GO8_GB179_DEB_1135_PET0424,DEB_1135,0.0,3.7795481151186046,0.9192941582134879,0.08070584178651212,0.0013839564521156667,0.001894426260603654,-13189.505400864815,-13259.79916134461,1259
GO8_GB179_DEB_1135_PET0424,PET0424,0.0,3.247011047384095,0.827713088317331,0.17228691168266913,0.0007874811519535716,0.0012292891165861515,-7019.323626075767,-7074.607153413427,621
GO8_GB179_DEB_1135_PET0495,GO8_GB179,0.0,4.3459306219974145,0.9378039572888878,0.062196042711112336,0.0016410593312053666,0.002177539300550964,-14839.297639158058,-14888.960964696696,1452
GO8_GB179_DEB_1135_PET0495,DEB_1135,0.0,3.467932382392582,0.8936530766571875,0.1063469233428125,0.0012861554114047542,0.0018346444655778897,-12566.230057229694,-12651.475044034072,1194
GO8_GB179_DEB_1135_PET0495,PET0495,0.0,3.585635065734606,0.8868357056234615,0.11316429437653838,0.0008327199910926459,0.0012065309130872483,-6766.44931395671,-6811.856972253517,596
GO8_GB179_DEB_1135_PAR_posas_01,GO8_GB179,0.0,4.031547302014081,0.9278617762230404,0.07213822377695957,0.0011476859015615338,0.0015514070202392823,-10914.385255966728,-10963.08681687755,1003
GO8_GB179_DEB_1135_PAR_posas_01,DEB_1135,0.0,3.9543973093955493,0.9119481676160975,0.0880518323839025,0.0011972345289511816,0.0016717612184494603,-10932.916960859262,-10985.795944152627,1019
GO8_GB179_DEB_1135_PAR_posas_01,PAR_posas_01,0.0,3.3693688056650277,0.8683825877770603,0.1316174122229397,0.0012897329590912182,0.0019069991812295081,-12740.293584478088,-12832.720885244347,1220
GO8_GB179_DEB_1135_ARG0295,GO8_GB179,0.0,4.5097799214678504,0.9581654011468052,0.041834598853194856,0.0013452011197090624,0.001689780575024108,-11124.957522303717,-11157.722692357738,1037
GO8_GB179_DEB_1135_ARG0295,DEB_1135,0.0,3.867887295503428,0.9203792785176619,0.07962072148233816,0.001096011769765964,0.0014977405786540485,-10409.582112689348,-10461.365497082543,951
GO8_GB179_DEB_1135_ARG0295,ARG0295,0.0,3.3531795481164286,0.8793249886923324,0.12067501130766742,0.001262112552958066,0.0018301811316586924,-13200.484530703083,-13293.643473928765,1254
GO8_GB179_PET0424_PET0495,GO8_GB179,0.0,3.1546617017845704,0.8474870653165748,0.15251293468342525,0.002096129672560233,0.0031270824710465652,-20517.725248673094,-20674.40461800904,2169
GO8_GB179_PET0424_PET0495,PET0424,0.0,3.120610832098758,0.8622284629755096,0.13777153702449038,0.0008289691150819324,0.0012147804289772727,-5978.015831878115,-6026.8615875114,528
GO8_GB179_PET0424_PET0495,PET0495,0.0,4.332430176340912,0.9364161771608103,0.06358382283918966,0.0010879621386029928,0.0014525231550458714,-6000.199831476102,-6026.253123565637,545
GO8_GB179_PET0424_PAR_posas_01,GO8_GB179,0.0,3.004658288509073,0.8724100953960303,0.12758990460396968,0.0012239861065282316,0.0017572410775647171,-11052.733014141699,-11140.655565555628,1043
GO8_GB179_PET0424_PAR_posas_01,PET0424,0.0,4.012607013080409,0.9214759421912573,0.07852405780874264,0.0009807613821067552,0.001344803311891892,-8258.466203869026,-8298.424469251442,740
GO8_GB179_PET0424_PAR_posas_01,PAR_posas_01,0.0,3.190092918481683,0.8349971335770979,0.16500286642290204,0.0014413119672352266,0.002220605134338588,-14782.96378420074,-14903.623111020179,1459
GO8_GB179_PET0424_ARG0295,GO8_GB179,0.0,4.43863831754057,0.958560878046986,0.04143912195301406,0.001307439260609897,0.0016373317960893855,-11589.73377965978,-11623.7692087977,1074
GO8_GB179_PET0424_ARG0295,PET0424,0.0,5.052918265598269,0.9357865127685181,0.06421348723148197,0.0008901351186743291,0.0012056996131024095,-7582.051678403561,-7590.585061285945,664
GO8_GB179_PET0424_ARG0295,ARG0295,0.0,3.1810117454247204,0.8810542000386171,0.11894579996138292,0.0015313658640231137,0.0021894777344414894,-15292.590247811737,-15405.953577477516,1504
GO8_GB179_PET0495_PAR_posas_01,GO8_GB179,0.0,4.099208285861481,0.9640458955746947,0.035954104425305555,0.0013651587354810253,0.001678424507070707,-11688.912250436317,-11732.208572816857,1089
GO8_GB179_PET0495_PAR_posas_01,PET0495,0.0,3.981366862785614,0.9336386178892632,0.06636138211073674,0.0010122767227685688,0.0013462004413839891,-8224.427751946114,-8263.228928173014,737
GO8_GB179_PET0495_PAR_posas_01,PAR_posas_01,0.0,3.0709363052034244,0.8254726784438468,0.1745273215561533,0.0014128590009008964,0.002179828469279661,-14397.65089478959,-14516.682149038661,1416
GO8_GB179_PET0495_ARG0295,GO8_GB179,0.0,4.339097983218101,0.9586424338275952,0.04135756617240495,0.0013830639508972693,0.0017332679248226951,-12040.45000638719,-12080.048305160355,1128
GO8_GB179_PET0495_ARG0295,PET0495,0.0,5.794245336970447,0.9604873297138605,0.03951267028613956,0.0009435423738647752,0.001182221602269289,-7585.360610447672,-7582.262029731437,661
GO8_GB179_PET0495_ARG0295,ARG0295,0.0,3.1754995092812357,0.8827745512619574,0.11722544873804248,0.0015076242291983935,0.0021497710912594635,-14826.522099838045,-14936.515321714694,1453
GO8_GB179_PAR_posas_01_ARG0295,GO8_GB179,0.0,4.075048949673918,0.967499489369805,0.032500510630194976,0.0015049151742068585,0.0018377984835066864,-14208.751926246174,-14258.20624246637,1346
GO8_GB179_PAR_posas_01_ARG0295,PAR_posas_01,0.0,5.0038522264207055,0.9449725713505311,0.055027428649468905,0.0011879632792937353,0.001561828210772579,-10020.675752187912,-10032.145631048217,919
GO8_GB179_PAR_posas_01_ARG0295,ARG0295,0.0,4.335834816623309,0.9548745709181441,0.04512542908185593,0.001359688606539501,0.0017226219600818833,-10437.94414554424,-10474.191263631385,977
ANN1283_PET0662_DEB_1135,ANN1283,0.0,3.1585463638331355,0.8360964086699829,0.16390359133001703,0.0012614115928837714,0.0019416627639760834,-13912.788637321242,-14026.308575941981,1338
ANN1283_PET0662_DEB_1135,PET0662,0.0,4.861323720497111,0.950969610407338,0.049030389592661996,0.001155510375973395,0.0014826624899999998,-10010.913748439685,-10028.513361818728,910
ANN1283_PET0662_DEB_1135,DEB_1135,0.0,3.608829011854308,0.9214983589088823,0.07850164109111755,0.0011746885169884415,0.0015993915293762574,-10740.112844623589,-10804.104711011665,994
ANN1283_PET0662_PET0424,ANN1283,0.0,2.997042404753576,0.8467109886179042,0.15328901138209577,0.0015472146782592056,0.002300011246079614,-16684.48144673979,-16820.76027224288,1658
ANN1283_PET0662_PET0424,PET0662,0.0,3.7046574792469453,0.9285931019651499,0.07140689803485016,0.0011649584406052235,0.0015640747690476191,-10029.228279536446,-10084.102904919695,924
ANN1283_PET0662_PET0424,PET0424,0.0,7.422427696853605,0.9722232543144996,0.027776745685500193,0.0009999881848827383,0.001212196820151515,-7564.19131231101,-7537.731495549611,660
ANN1283_PET0662_PET0495,ANN1283,0.0,3.080794209516952,0.8688763410409801,0.13112365895901987,0.0015406679827356003,0.00223062258501548,-16356.420707089397,-16483.295694538472,1615
ANN1283_PET0662_PET0495,PET0662,0.0,3.8426195989743412,0.9364723346601314,0.06352766533986867,0.001203184411289126,0.0015916116909183672,-10607.826000382727,-10661.408390168704,980
ANN1283_PET0662_PET0495,PET0495,0.0,5.655746824166055,0.9628600664133175,0.03713993358668251,0.0009899346936954787,0.0012246922799072643,-7377.159180179721,-7375.882626308127,647
ANN1283_PET0662_PAR_posas_01,ANN1283,0.0,3.736552998039374,0.9274614415627712,0.0725385584372288,0.0012463409464401037,0.0016794618525933609,-10326.763887503355,-10383.66434002865,964
ANN1283_PET0662_PAR_posas_01,PET0662,0.0,3.6590624210562566,0.9294306798440058,0.07056932015599425,0.0013576874150635382,0.0018092375363081617,-13854.649443119399,-13928.357559620772,1311
ANN1283_PET0662_PAR_posas_01,PAR_posas_01,0.0,5.151004118996912,0.9561740462864519,0.04382595371354812,0.0012875757904250232,0.0016345747901758015,-10456.059599566912,-10468.39036276719,967
ANN1283_PET0662_ARG0295,ANN1283,0.0,2.974037281383601,0.8930537510838619,0.10694624891613808,0.0010114849665235227,0.0014042345462994836,-6413.402884331717,-6463.956775718086,581
ANN1283_PET0662_ARG0295,PET0662,0.0,2.856181467621913,0.7921399901238417,0.20786000987615813,0.0016448884824925665,0.0025756595680576254,-19804.796053867303,-19967.994047999076,2013
ANN1283_PET0662_ARG0295,ARG0295,0.0,6.104463889162533,0.96849615652798,0.03150384347201991,0.0012059073710091039,0.001469014824074074,-7156.0867378350495,-7151.545733885443,648
ANN1283_DEB_1135_PET0424,ANN1283,0.0,2.8650993359974724,0.8280634111913576,0.1719365888086424,0.001565938724577596,0.002357838275468044,-15505.485888865875,-15637.585815557943,1549
ANN1283_DEB_1135_PET0424,DEB_1135,0.0,3.1007488277739705,0.9107548931315625,0.08924510686843747,0.0013321943277055121,0.001816553684215886,-10348.264552867837,-10423.549405348333,982
ANN1283_DEB_1135_PET0424,PET0424,0.0,4.270264089498369,0.9373312945517794,0.06266870544822062,0.0009534211268133221,0.0012631901804500704,-8031.786492294629,-8062.024670725512,711
ANN1283_DEB_1135_PET0495,ANN1283,0.0,3.876414621006889,0.9274676526404005,0.07253234735959946,0.0018768689914058269,0.002510299784792332,-15525.047937930853,-15603.059551875178,1565
ANN1283_DEB_1135_PET0495,DEB_1135,0.0,3.1614684115100826,0.9010526514626854,0.09894734853731466,0.0012861441807219627,0.0017896560613188974,-10734.457069804184,-10814.963433891615,1016
ANN1283_DEB_1135_PET0495,PET0495,0.0,3.3881320866467584,0.9193426243092063,0.08065737569079368,0.0009013583950980117,0.0012258921210287442,-7483.870387214021,-7534.308517163503,661
ANN1283_DEB_1135_PAR_posas_01,ANN1283,0.0,3.859238421680973,0.927096780693961,0.07290321930603896,0.001228120546627322,0.0016581750022850923,-9870.503673363504,-9922.121965318966,919
ANN1283_DEB_1135_PAR_posas_01,DEB_1135,0.0,3.371000378475866,0.8866635903305826,0.11333640966941752,0.0013597832943799586,0.0019432402186217012,-14200.360493817541,-14296.77288582702,1364
ANN1283_DEB_1135_PAR_posas_01,PAR_posas_01,0.0,4.663868287164377,0.94664650100344,0.05335349899655998,0.0012970649314108286,0.0016879361375391035,-10295.893323226735,-10320.123147623794,959
ANN1283_DEB_1135_ARG0295,ANN1283,0.0,4.490876395250045,0.9463389393210337,0.05366106067896629,0.0012586095680518705,0.0016288822218800646,-6659.46720772412,-6681.683916990185,617
ANN1283_DEB_1135_ARG0295,DEB_1135,0.0,2.7461946846950416,0.7863188308990764,0.21368116910092363,0.0016971484308722854,0.002637202072767637,-19847.422767284523,-20011.18665108047,2027
ANN1283_DEB_1135_ARG0295,ARG0295,0.0,8.245299570654687,0.9811288028077632,0.018871197192236885,0.0012641808718627742,0.0014584534827759197,-6628.866402075922,-6607.939290248096,598
ANN1283_PET0424_PET0495,ANN1283,0.0,3.353971676813747,0.8306815280883826,0.16931847191161736,0.002256631936495719,0.0034895932736335815,-21147.500329719194,-21297.8201957647,2287
ANN1283_PET0424_PET0495,PET0424,0.0,3.728079526759673,0.916339615418503,0.08366038458149708,0.0009944181644703917,0.001370557673581213,-5672.660562548158,-5709.337017711697,511
ANN1283_PET0424_PET0495,PET0495,0.0,4.56884654500544,0.944997013849447,0.055002986150552845,0.0009998694320328856,0.001302041902027027,-4987.4503617218315,-5005.617714410246,444
ANN1283_PET0424_PAR_posas_01,ANN1283,0.0,3.6163308670532244,0.936595119791782,0.06340488020821798,0.0013750539380407898,0.0018050518716475098,-11035.739576310512,-11095.291688529573,1044
ANN1283_PET0424_PAR_posas_01,PET0424,0.0,3.4130351332378193,0.9022321960803872,0.09776780391961275,0.0012621176846525721,0.001760277629626412,-12211.393205895069,-12290.888779080644,1151
ANN1283_PET0424_PAR_posas_01,PAR_posas_01,0.0,4.053020877848565,0.9405478960950808,0.05945210390491922,0.0013588511300547457,0.0017955665224450813,-11086.67073983667,-11138.224568054453,1047
ANN1283_PET0424_ARG0295,ANN1283,0.0,4.208945083278169,0.9483711864024362,0.051628813597563876,0.0011779507458288046,0.0015137035182926828,-7170.833730795772,-7200.586951718023,656
ANN1283_PET0424_ARG0295,PET0424,0.0,2.7952772939354027,0.7689607174487467,0.23103928255125314,0.0015550407143615753,0.0024808117820147683,-18797.707828998806,-18949.303018243812,1896
ANN1283_PET0424_ARG0295,ARG0295,0.0,5.281875511995464,0.9681099791847304,0.03189002081526964,0.0013289616508489245,0.00161723655,-7470.2412038891625,-7482.773567535363,690
ANN1283_PET0495_PAR_posas_01,ANN1283,0.0,3.89928925073134,0.9501821683621073,0.04981783163789264,0.0013938758195434213,0.0017834110860710853,-11037.933792844728,-11088.503526443072,1041
ANN1283_PET0495_PAR_posas_01,PET0495,0.0,3.535981018922073,0.9015723304151103,0.09842766958488967,0.0012417939962071866,0.0017453139341186735,-12181.022623640893,-12257.037319936322,1146
ANN1283_PET0495_PAR_posas_01,PAR_posas_01,0.0,5.310861109779917,0.9619136838409708,0.03808631615902925,0.0015084691228786416,0.0018732291303317535,-11126.370243022702,-11134.031831557388,1055
ANN1283_PET0495_ARG0295,ANN1283,0.0,4.006144767827487,0.9493182645683279,0.05068173543167198,0.0012300788627447334,0.001574339356808199,-7409.510754747188,-7443.527611390628,683
ANN1283_PET0495_ARG0295,PET0495,0.0,2.8364284066273204,0.7271877891255776,0.27281221087442237,0.001464144129390556,0.0024597069306781486,-18464.844986249285,-18601.134512221164,1858
ANN1283_PET0495_ARG0295,ARG0295,0.0,4.931741333916755,0.9547155001104759,0.045284499889524044,0.0012392154385652454,0.0015758315616262483,-7622.56822474465,-7638.514475012251,701
ANN1283_PAR_posas_01_ARG0295,ANN1283,0.0,4.034679273450883,0.9454939688677491,0.05450603113225111,0.0012982618059551114,0.0016801312925037485,-7147.999480534791,-7182.267583273887,667
ANN1283_PAR_posas_01_ARG0295,PAR_posas_01,0.0,3.175305463457684,0.8736151184258368,0.1263848815741632,0.001820021747988598,0.0026175373970247933,-17811.130052270804,-17944.73857994823,1815
ANN1283_PAR_posas_01_ARG0295,ARG0295,0.0,4.227705058744935,0.9663654303043316,0.03363456969566844,0.0014039934000888185,0.0017226656040789474,-8114.937227957189,-8146.467956922729,760
PET0662_DEB_1135_PET0424,PET0662,0.0,3.0717402803013756,0.8238157774491913,0.1761842225508087,0.0012545884900210045,0.0019369847764415158,-12628.852166546061,-12731.698370587159,1214
PET0662_DEB_1135_PET0424,DEB_1135,0.0,3.9055934664367378,0.9072836787980961,0.09271632120190396,0.0014871729610146,0.0020980701303899923,-13964.936629752821,-14035.977591977404,1359
PET0662_DEB_1135_PET0424,PET0424,0.0,3.897136738338339,0.9356403099511674,0.06435969004883274,0.000954152561140433,0.001264660927503737,-7545.880307266824,-7583.902967341238,669
PET0662_DEB_1135_PET0495,PET0662,0.0,3.032524356380438,0.85504868844724,0.1449513115527601,0.0014045598647998627,0.00207054553385214,-13197.624985328015,-13305.295416204004,1285
PET0662_DEB_1135_PET0495,DEB_1135,0.0,3.5794642853049843,0.8993252830246494,0.1006747169753505,0.0014058807684321478,0.0019915502486943164,-13496.323669921649,-13582.692713480252,1302
PET0662_DEB_1135_PET0495,PET0495,0.0,4.016204700978644,0.9575590336941878,0.04244096630581206,0.0009614552263880069,0.0012077380948091604,-7452.532312634866,-7485.413240364864,655
PET0662_DEB_1135_PAR_posas_01,PET0662,0.0,4.2551278709301465,0.9319187307658598,0.06808126923414,0.0010879260601369587,0.001466402332896175,-10064.353412112521,-10103.827261022485,915
PET0662_DEB_1135_PAR_posas_01,DEB_1135,0.0,3.335601997638027,0.8675685747480083,0.1324314252519916,0.0011635021212807045,0.0017190037890781563,-10624.462917775752,-10703.650902030113,998
PET0662_DEB_1135_PAR_posas_01,PAR_posas_01,0.0,3.8275468433826743,0.9302591450580258,0.06974085494197436,0.0015158217358020546,0.002020577859819413,-13759.472618404408,-13826.02790089831,1329
PET0662_DEB_1135_ARG0295,PET0662,0.0,4.575628261567385,0.9511022236238096,0.04889777637619032,0.0012479248036736318,0.0015988924770456961,-10200.40209639868,-10228.304836621423,941
PET0662_DEB_1135_ARG0295,DEB_1135,0.0,4.030416118571975,0.9576547412441664,0.04234525875583363,0.0012535689991707677,0.001565433353552492,-10247.878963625984,-10289.942558631285,943
PET0662_DEB_1135_ARG0295,ARG0295,0.0,3.008432333764875,0.8651902091594363,0.13480979084056363,0.0013253886269099088,0.00192961309646539,-14139.614208364079,-14252.969767569837,1358
PET0662_PET0424_PET0495,PET0662,0.0,2.9365706398532008,0.8161094062573683,0.18389059374263167,0.0019362551415702505,0.0029525517755785327,-19435.375936380206,-19591.88091127446,2031
PET0662_PET0424_PET0495,PET0424,0.0,3.900165966099805,0.9464730281173205,0.053526971882679526,0.001019482256540016,0.001315361920797227,-6461.906472616453,-6494.8666716594425,577
PET0662_PET0424_PET0495,PET0495,0.0,3.4122135621355816,0.9159330330023868,0.08406696699761326,0.0011109559618617375,0.001517749216561514,-6907.602209129453,-6955.535958980559,634
PET0662_PET0424_PAR_posas_01,PET0662,0.0,3.197123514568439,0.9118032163884454,0.08819678361155463,0.001236449258837472,0.0016892217255639098,-9947.06833813939,-10017.217230246144,931
PET0662_PET0424_PAR_posas_01,PET0424,0.0,3.755387434911896,0.9496979292797784,0.05030207072022168,0.001066799117117989,0.0013694610256410257,-7805.892712948185,-7846.492658595578,702
PET0662_PET0424_PAR_posas_01,PAR_posas_01,0.0,3.1945746480962476,0.8725867309408273,0.1274132690591727,0.0016812604467391936,0.0024464654946550653,-16000.544596936956,-16124.807673127836,1609
PET0662_PET0424_ARG0295,PET0662,0.0,3.4842259806432203,0.9109497716744768,0.08905022832552338,0.0011428391907188818,0.0015825096783549783,-9996.947453486515,-10062.448884338122,924
PET0662_PET0424_ARG0295,PET0424,0.0,5.477640625447691,0.9676503131954605,0.03234968680453946,0.0010207794527489664,0.001240626750617284,-7363.921245321002,-7370.537712888242,648
PET0662_PET0424_ARG0295,ARG0295,0.0,3.8083570199255337,0.9344483640092285,0.06555163599077146,0.001790139412962208,0.0023672791698802396,-16764.424606797435,-16846.266224221483,1670
PET0662_PET0495_PAR_posas_01,PET0662,0.0,4.3160498423012195,0.9778139023548496,0.022186097645150463,0.001439235001208421,0.001698071839598733,-10148.368568380656,-10179.57470849431,947
PET0662_PET0495_PAR_posas_01,PET0495,0.0,4.703565721464908,0.9591190427983861,0.04088095720161388,0.001124034044187522,0.0014047309082981716,-7889.523648877655,-7911.00066342111,711
PET0662_PET0495_PAR_posas_01,PAR_posas_01,0.0,3.4051284334887293,0.924485991673862,0.07551400832613789,0.0017780041834712897,0.0023803509101641414,-15864.884265080394,-15960.959610827593,1584
PET0662_PET0495_ARG0295,PET0662,0.0,3.682197666271181,0.9317657591726611,0.06823424082733891,0.001222811594620243,0.0016351627451451454,-10752.704908823165,-10814.287101881715,999
PET0662_PET0495_ARG0295,PET0495,0.0,3.8239213971649995,0.9573064052801515,0.0426935947198485,0.0009545881363320536,0.0012016563920886076,-7193.747997018398,-7228.75580549559,632
PET0662_PET0495_ARG0295,ARG0295,0.0,3.889961291313714,0.9462443704411003,0.053755629558899655,0.0017847041345893208,0.002300178612104283,-16271.519306064305,-16343.519501854413,1611
PET0662_PAR_posas_01_ARG0295,PET0662,0.0,4.0279739906072445,0.9593820735655021,0.04061792643449799,0.001461250001545483,0.0018270035460191082,-13268.147048722934,-13319.220401108721,1256
PET0662_PAR_posas_01_ARG0295,PAR_posas_01,0.0,5.924108983018869,0.9615698714805956,0.03843012851940453,0.0012920710982766907,0.001614063089419087,-10473.812435844311,-10460.242106068436,964
PET0662_PAR_posas_01_ARG0295,ARG0295,0.0,5.217658071778762,0.9693799312286835,0.030620068771316435,0.001405502602722287,0.0016931365524461839,-10979.21301500087,-10992.187118193127,1022
DEB_1135_PET0424_PET0495,DEB_1135,0.0,3.386838345194466,0.8667003647251532,0.13329963527484678,0.0020897678833837617,0.0030843760259368835,-19247.84073184576,-19385.767536061816,2028
DEB_1135_PET0424_PET0495,PET0424,0.0,4.771937747459984,0.9599022687119961,0.04009773128800398,0.0012780254946213843,0.001593389632745962,-7386.189998198587,-7405.3329159486375,681
DEB_1135_PET0424_PET0495,PET0495,0.0,3.933867205369699,0.9210532678859357,0.07894673211406421,0.000991062940477068,0.001352640035834897,-5937.21013481255,-5969.394495599281,533
DEB_1135_PET0424_PAR_posas_01,DEB_1135,0.0,3.2621219753891375,0.854092841149383,0.14590715885061697,0.0012365573790412325,0.0018581125939782824,-10623.36478919945,-10706.960455295995,1013
DEB_1135_PET0424_PAR_posas_01,PET0424,0.0,4.141482278830072,0.9469130071454017,0.05308699285459828,0.000990549210114904,0.0012798240004279601,-7896.973531865191,-7930.215351771603,701
DEB_1135_PET0424_PAR_posas_01,PAR_posas_01,0.0,3.898971660426378,0.9353010474319863,0.06469895256801361,0.001853270715799408,0.0024516936017670156,-15233.9175398833,-15306.211635391517,1528
DEB_1135_PET0424_ARG0295,DEB_1135,0.0,3.425963456271524,0.9056982871873835,0.09430171281261646,0.0012850017392745624,0.0017846960426160339,-10028.388061484095,-10095.995225596347,948
DEB_1135_PET0424_ARG0295,PET0424,0.0,5.817619490583602,0.9495976491679942,0.05040235083200586,0.0011030783313324332,0.0014408863073270017,-8176.673024718391,-8163.037788953898,737
DEB_1135_PET0424_ARG0295,ARG0295,0.0,2.7689791547395783,0.8394176805049258,0.16058231949507415,0.0016120244142537818,0.002365594945857418,-15578.800827970146,-15708.153394419174,1557
DEB_1135_PET0495_PAR_posas_01,DEB_1135,0.0,3.5183491699038436,0.9342055727035283,0.06579442729647172,0.0014072312783370829,0.0018361466574724175,-10499.635973832868,-10561.466954915722,997
DEB_1135_PET0495_PAR_posas_01,PET0495,0.0,4.730115017021463,0.9519740155635233,0.04802598443647673,0.000981716297233736,0.001253728127662722,-7656.937788124301,-7675.052521156962,676
DEB_1135_PET0495_PAR_posas_01,PAR_posas_01,0.0,4.448621789712682,0.944492632905775,0.05550736709422494,0.0019902725874504697,0.002588076873358828,-15503.890413431065,-15547.206350752702,1569
DEB_1135_PET0495_ARG0295,DEB_1135,0.0,3.842937124530585,0.9430265875084067,0.05697341249159319,0.001370824926167244,0.0017796548976071786,-10636.687188711609,-10687.748886526642,1003
DEB_1135_PET0495_ARG0295,PET0495,0.0,4.941953770595726,0.9464012385772745,0.05359876142272562,0.0010753317911671595,0.0014018914749253733,-7444.237945445239,-7457.202809218101,670
DEB_1135_PET0495_ARG0295,ARG0295,0.0,3.977065268301611,0.9348854112385151,0.06511458876148501,0.0018882012975378955,0.0025014063806246016,-15584.396587720168,-15654.092762459628,1569
DEB_1135_PAR_posas_01_ARG0295,DEB_1135,0.0,4.106080912917897,0.9534229513396144,0.04657704866038564,0.0015289396709766028,0.0019399371267288267,-13442.267881468966,-13493.726598064042,1287
DEB_1135_PAR_posas_01_ARG0295,PAR_posas_01,0.0,4.55883436182063,0.9410520053242761,0.05894799467572385,0.0013462189044194694,0.0017791769073705178,-10671.434382384168,-10698.94995459136,1004
DEB_1135_PAR_posas_01_ARG0295,ARG0295,0.0,4.087755483165921,0.94896558869698,0.05103441130302004,0.0012765147087414963,0.0016388649190325973,-10247.877551824658,-10290.097647433657,951
PET0424_PET0495_PAR_posas_01,PET0424,0.0,3.626348278816388,0.9376737332613366,0.06232626673866333,0.0011224263879388101,0.0014719788762948206,-5502.635639959085,-5537.013599438404,502
PET0424_PET0495_PAR_posas_01,PET0495,0.0,4.347990595218728,0.9406531696183097,0.05934683038169031,0.0010886799077268648,0.001438692866213592,-5679.009148248474,-5704.096751810526,515
PET0424_PET0495_PAR_posas_01,PAR_posas_01,0.0,2.972282312463258,0.7995777678382049,0.2004222321617951,0.0023557836248055113,0.0036579793408539323,-20343.399301795464,-20510.549964080325,2225
PET0424_PET0495_ARG0295,PET0424,0.0,5.010644000786443,0.961288438805541,0.03871156119445878,0.0011149465017117875,0.0013821651182656827,-6033.807991772516,-6046.873559984187,542
PET0424_PET0495_ARG0295,PET0495,0.0,3.1444367871500503,0.7206633658655532,0.27933663413444687,0.0007044981820123611,0.001257937641273585,-4771.476879633298,-4809.133141078664,424
PET0424_PET0495_ARG0295,ARG0295,0.0,3.286661756280095,0.840314101653156,0.15968589834684407,0.0023304688976176005,0.0035408007397627417,-20975.179470431132,-21129.03745779123,2276
PET0424_PAR_posas_01_ARG0295,PET0424,0.0,4.350705337892916,0.9599510671265046,0.04004893287349551,0.0014056352993470692,0.0017502616930530166,-11657.83290304728,-11694.404443802974,1094
PET0424_PAR_posas_01_ARG0295,PAR_posas_01,0.0,4.0163677746299475,0.9332364412362035,0.06676355876379637,0.001294667095191275,0.0017321430264400377,-11291.234366089795,-11342.117422035148,1059
PET0424_PAR_posas_01_ARG0295,ARG0295,0.0,2.967012546578871,0.9085360510229455,0.09146394897705439,0.00133069248546066,0.0018014317552800735,-11497.584689113997,-11578.166891091261,1089
PET0495_PAR_posas_01_ARG0295,PET0495,0.0,4.266392172030713,0.9483225698441667,0.051677430155833204,0.0013467685032961,0.0017312044910101948,-11518.63133939113,-11557.60414461975,1079
PET0495_PAR_posas_01_ARG0295,PAR_posas_01,0.0,4.057202348772232,0.9312286460782596,0.06877135392174046,0.001358799543648172,0.0018261538311759344,-11581.616013618734,-11633.361568027827,1097
PET0495_PAR_posas_01_ARG0295,ARG0295,0.0,3.6258312322989403,0.9397294924359189,0.06027050756408116,0.0013770856060595412,0.0017945113554409006,-11282.316977827426,-11341.712342933166,1066
